{"cameraMode":{"drawMode":0,"name":"Shaded","section":"Shading Mode"},"sceneLighting":false,"audioPlay":false,"sceneViewState":{"m_AlwaysRefresh":false,"showFog":true,"showSkybox":true,"showFlares":true,"showImageEffects":true,"showParticleSystems":true,"showVisualEffectGraphs":true,"m_FxEnabled":true},"in2DMode":false,"pivot":{"x":0.06173137575387955,"y":-0.11155590415000916,"z":-0.039174169301986697},"rotation":{"x":0.3533690869808197,"y":0.1478440910577774,"z":-0.05666402354836464,"w":0.9219882488250732},"size":2.63185977935791,"orthographic":false}